path,pred
/ssd8/2023COVID19/Train_Valid_dataset/valid_pure_crop/negative/ct_scan_76,8.739035365579184e-06
/ssd8/2023COVID19/Train_Valid_dataset/valid_pure_crop/negative/ct_scan_180,0.10109314322471619
/ssd8/2023COVID19/Train_Valid_dataset/valid_pure_crop/negative/ct_scan_167,0.13697317242622375
/ssd8/2023COVID19/Train_Valid_dataset/valid_pure_crop/negative/ct_scan_51,0.34688884019851685
/ssd8/2023COVID19/Train_Valid_dataset/valid_pure_crop/negative/ct_scan_44,0.11408988386392593
/ssd8/2023COVID19/Train_Valid_dataset/valid_pure_crop/negative/ct_scan_10,0.0019827946089208126
/ssd8/2023COVID19/Train_Valid_dataset/valid_pure_crop/negative/ct_scan_26,0.003236500546336174
/ssd8/2023COVID19/Train_Valid_dataset/valid_pure_crop/negative/ct_scan_186,0.0038011441938579082
/ssd8/2023COVID19/Train_Valid_dataset/valid_pure_crop/negative/ct_scan_59,0.28518998622894287
/ssd8/2023COVID19/Train_Valid_dataset/valid_pure_crop/negative/ct_scan215,2.4658997062942944e-05
/ssd8/2023COVID19/Train_Valid_dataset/valid_pure_crop/negative/ct_scan_87,0.13899007439613342
/ssd8/2023COVID19/Train_Valid_dataset/valid_pure_crop/negative/ct_scan252,0.0010171934263780713
/ssd8/2023COVID19/Train_Valid_dataset/valid_pure_crop/negative/ct_scan_154,0.00013365776976570487
/ssd8/2023COVID19/Train_Valid_dataset/valid_pure_crop/negative/ct_scan_118,0.0002593623357824981
/ssd8/2023COVID19/Train_Valid_dataset/valid_pure_crop/negative/ct_scan_112,0.16248512268066406
/ssd8/2023COVID19/Train_Valid_dataset/valid_pure_crop/negative/ct_scan251,2.8957330869161524e-05
/ssd8/2023COVID19/Train_Valid_dataset/valid_pure_crop/negative/ct_scan_8,0.12251221388578415
/ssd8/2023COVID19/Train_Valid_dataset/valid_pure_crop/negative/ct_scan_72,0.0034923290368169546
/ssd8/2023COVID19/Train_Valid_dataset/valid_pure_crop/negative/ct_scan_80,0.013997925445437431
/ssd8/2023COVID19/Train_Valid_dataset/valid_pure_crop/negative/ct_scan_184,0.07701777666807175
/ssd8/2023COVID19/Train_Valid_dataset/valid_pure_crop/negative/ct_scan_195,0.01341089978814125
/ssd8/2023COVID19/Train_Valid_dataset/valid_pure_crop/negative/ct_scan213,0.0037271128967404366
/ssd8/2023COVID19/Train_Valid_dataset/valid_pure_crop/negative/ct_scan244,0.007313091307878494
/ssd8/2023COVID19/Train_Valid_dataset/valid_pure_crop/negative/ct_scan_205,0.00048228714149445295
/ssd8/2023COVID19/Train_Valid_dataset/valid_pure_crop/negative/ct_scan_153,0.07590992748737335
/ssd8/2023COVID19/Train_Valid_dataset/valid_pure_crop/negative/ct_scan_67,0.0018292366294190288
/ssd8/2023COVID19/Train_Valid_dataset/valid_pure_crop/negative/ct_scan_127,0.000805722433142364
/ssd8/2023COVID19/Train_Valid_dataset/valid_pure_crop/negative/ct_scan_106,0.47310101985931396
/ssd8/2023COVID19/Train_Valid_dataset/valid_pure_crop/negative/ct_scan_176,0.00540501531213522
/ssd8/2023COVID19/Train_Valid_dataset/valid_pure_crop/negative/ct_scan_56,0.32919788360595703
/ssd8/2023COVID19/Train_Valid_dataset/valid_pure_crop/negative/ct_scan_128,1.3067301551927812e-07
/ssd8/2023COVID19/Train_Valid_dataset/valid_pure_crop/negative/ct_scan_99,0.0019006043439731002
/ssd8/2023COVID19/Train_Valid_dataset/valid_pure_crop/negative/ct_scan_158,0.004162429366260767
/ssd8/2023COVID19/Train_Valid_dataset/valid_pure_crop/negative/ct_scan225,0.012951776385307312
/ssd8/2023COVID19/Train_Valid_dataset/valid_pure_crop/negative/ct_scan_200,1.4880111848469824e-05
/ssd8/2023COVID19/Train_Valid_dataset/valid_pure_crop/negative/ct_scan_197,0.0632220208644867
/ssd8/2023COVID19/Train_Valid_dataset/valid_pure_crop/negative/ct_scan_140,0.020809229463338852
/ssd8/2023COVID19/Train_Valid_dataset/valid_pure_crop/negative/ct_scan_125,0.8327534198760986
/ssd8/2023COVID19/Train_Valid_dataset/valid_pure_crop/negative/ct_scan209,0.08020307123661041
/ssd8/2023COVID19/Train_Valid_dataset/valid_pure_crop/negative/ct_scan_170,0.025477204471826553
/ssd8/2023COVID19/Train_Valid_dataset/valid_pure_crop/negative/ct_scan_124,1.0493714398762677e-05
/ssd8/2023COVID19/Train_Valid_dataset/valid_pure_crop/negative/ct_scan_57,0.2245321124792099
/ssd8/2023COVID19/Train_Valid_dataset/valid_pure_crop/negative/ct_scan245,0.0020137401297688484
/ssd8/2023COVID19/Train_Valid_dataset/valid_pure_crop/negative/ct_scan_107,4.4791772779717576e-07
/ssd8/2023COVID19/Train_Valid_dataset/valid_pure_crop/negative/ct_scan_103,0.0021116069983690977
/ssd8/2023COVID19/Train_Valid_dataset/valid_pure_crop/negative/ct_scan_79,0.00107255345210433
/ssd8/2023COVID19/Train_Valid_dataset/valid_pure_crop/negative/ct_scan_137,0.08383771032094955
/ssd8/2023COVID19/Train_Valid_dataset/valid_pure_crop/negative/ct_scan_17,0.0073539623990654945
/ssd8/2023COVID19/Train_Valid_dataset/valid_pure_crop/negative/ct_scan_92,0.00010917099280050024
/ssd8/2023COVID19/Train_Valid_dataset/valid_pure_crop/negative/ct_scan_42,0.11106991767883301
/ssd8/2023COVID19/Train_Valid_dataset/valid_pure_crop/negative/ct_scan_31,0.0006082309409976006
/ssd8/2023COVID19/Train_Valid_dataset/valid_pure_crop/negative/ct_scan_6,0.22037208080291748
/ssd8/2023COVID19/Train_Valid_dataset/valid_pure_crop/negative/ct_scan_19,1.3215487342677079e-05
/ssd8/2023COVID19/Train_Valid_dataset/valid_pure_crop/negative/ct_scan_108,0.003630975028499961
/ssd8/2023COVID19/Train_Valid_dataset/valid_pure_crop/negative/ct_scan_110,1.392163255786727e-07
/ssd8/2023COVID19/Train_Valid_dataset/valid_pure_crop/negative/ct_scan_75,0.00043220946099609137
/ssd8/2023COVID19/Train_Valid_dataset/valid_pure_crop/negative/ct_scan250,7.453846046701074e-05
/ssd8/2023COVID19/Train_Valid_dataset/valid_pure_crop/negative/ct_scan_192,0.03130946308374405
/ssd8/2023COVID19/Train_Valid_dataset/valid_pure_crop/negative/ct_scan_48,0.06423011422157288
/ssd8/2023COVID19/Train_Valid_dataset/valid_pure_crop/negative/ct_scan_188,0.06226588040590286
/ssd8/2023COVID19/Train_Valid_dataset/valid_pure_crop/negative/ct_scan_150,0.002113393973559141
/ssd8/2023COVID19/Train_Valid_dataset/valid_pure_crop/negative/ct_scan_3,0.01426367275416851
/ssd8/2023COVID19/Train_Valid_dataset/valid_pure_crop/negative/ct_scan220,0.009984685108065605
/ssd8/2023COVID19/Train_Valid_dataset/valid_pure_crop/negative/ct_scan_126,0.035615455359220505
/ssd8/2023COVID19/Train_Valid_dataset/valid_pure_crop/negative/ct_scan_52,0.00013681899872608483
/ssd8/2023COVID19/Train_Valid_dataset/valid_pure_crop/negative/ct_scan_81,0.10474401712417603
/ssd8/2023COVID19/Train_Valid_dataset/valid_pure_crop/negative/ct_scan_86,0.00013901518832426518
/ssd8/2023COVID19/Train_Valid_dataset/valid_pure_crop/negative/ct_scan231,0.06379151344299316
/ssd8/2023COVID19/Train_Valid_dataset/valid_pure_crop/negative/ct_scan_46,0.002786099910736084
/ssd8/2023COVID19/Train_Valid_dataset/valid_pure_crop/negative/ct_scan_55,0.0018956931307911873
/ssd8/2023COVID19/Train_Valid_dataset/valid_pure_crop/negative/ct_scan_208,0.0018437776016071439
/ssd8/2023COVID19/Train_Valid_dataset/valid_pure_crop/negative/ct_scan_139,0.0028241185937076807
/ssd8/2023COVID19/Train_Valid_dataset/valid_pure_crop/negative/ct_scan_144,1.9716449060069863e-06
/ssd8/2023COVID19/Train_Valid_dataset/valid_pure_crop/negative/ct_scan_91,0.0007951157167553902
/ssd8/2023COVID19/Train_Valid_dataset/valid_pure_crop/negative/ct_scan216,0.6062441468238831
/ssd8/2023COVID19/Train_Valid_dataset/valid_pure_crop/negative/ct_scan_49,0.00694328173995018
/ssd8/2023COVID19/Train_Valid_dataset/valid_pure_crop/negative/ct_scan_190,0.0007746457704342902
/ssd8/2023COVID19/Train_Valid_dataset/valid_pure_crop/negative/ct_scan_162,0.26795512437820435
/ssd8/2023COVID19/Train_Valid_dataset/valid_pure_crop/negative/ct_scan_196,0.004175045061856508
/ssd8/2023COVID19/Train_Valid_dataset/valid_pure_crop/negative/ct_scan_20,5.36863663000986e-05
/ssd8/2023COVID19/Train_Valid_dataset/valid_pure_crop/negative/ct_scan217,1.7373778973706067e-05
/ssd8/2023COVID19/Train_Valid_dataset/valid_pure_crop/negative/ct_scan_34,0.009057103656232357
/ssd8/2023COVID19/Train_Valid_dataset/valid_pure_crop/negative/ct_scan_43,0.0009361164411529899
/ssd8/2023COVID19/Train_Valid_dataset/valid_pure_crop/negative/ct_scan_146,0.2184724509716034
/ssd8/2023COVID19/Train_Valid_dataset/valid_pure_crop/negative/ct_scan_165,0.004823858849704266
/ssd8/2023COVID19/Train_Valid_dataset/valid_pure_crop/negative/ct_scan_73,0.08227195590734482
/ssd8/2023COVID19/Train_Valid_dataset/valid_pure_crop/negative/ct_scan226,0.001909524784423411
/ssd8/2023COVID19/Train_Valid_dataset/valid_pure_crop/negative/ct_scan_93,0.0014982465654611588
/ssd8/2023COVID19/Train_Valid_dataset/valid_pure_crop/negative/ct_scan_74,0.011552395299077034
/ssd8/2023COVID19/Train_Valid_dataset/valid_pure_crop/negative/ct_scan_198,0.04332612082362175
/ssd8/2023COVID19/Train_Valid_dataset/valid_pure_crop/negative/ct_scan_104,0.06309708952903748
/ssd8/2023COVID19/Train_Valid_dataset/valid_pure_crop/negative/ct_scan_111,2.0722027329611592e-05
/ssd8/2023COVID19/Train_Valid_dataset/valid_pure_crop/negative/ct_scan_30,0.0007380982278846204
/ssd8/2023COVID19/Train_Valid_dataset/valid_pure_crop/negative/ct_scan_58,2.15934469451895e-05
/ssd8/2023COVID19/Train_Valid_dataset/valid_pure_crop/negative/ct_scan_7,0.39225322008132935
/ssd8/2023COVID19/Train_Valid_dataset/valid_pure_crop/negative/ct_scan_123,0.28635039925575256
/ssd8/2023COVID19/Train_Valid_dataset/valid_pure_crop/negative/ct_scan222,0.0007082372321747243
/ssd8/2023COVID19/Train_Valid_dataset/valid_pure_crop/negative/ct_scan_89,0.0473095178604126
/ssd8/2023COVID19/Train_Valid_dataset/valid_pure_crop/negative/ct_scan_12,0.016356809064745903
/ssd8/2023COVID19/Train_Valid_dataset/valid_pure_crop/negative/ct_scan246,0.0012384456349536777
/ssd8/2023COVID19/Train_Valid_dataset/valid_pure_crop/negative/ct_scan_187,1.1364666363533615e-07
/ssd8/2023COVID19/Train_Valid_dataset/valid_pure_crop/negative/ct_scan_65,0.0018577075097709894
/ssd8/2023COVID19/Train_Valid_dataset/valid_pure_crop/negative/ct_scan260,0.003316711401566863
/ssd8/2023COVID19/Train_Valid_dataset/valid_pure_crop/negative/ct_scan_100,0.023138906806707382
/ssd8/2023COVID19/Train_Valid_dataset/valid_pure_crop/negative/ct_scan_29,0.017104098573327065
/ssd8/2023COVID19/Train_Valid_dataset/valid_pure_crop/negative/ct_scan_141,0.00035638094414025545
/ssd8/2023COVID19/Train_Valid_dataset/valid_pure_crop/negative/ct_scan234,0.10147254914045334
/ssd8/2023COVID19/Train_Valid_dataset/valid_pure_crop/negative/ct_scan_61,0.0029844685923308134
/ssd8/2023COVID19/Train_Valid_dataset/valid_pure_crop/negative/ct_scan_54,0.464620441198349
/ssd8/2023COVID19/Train_Valid_dataset/valid_pure_crop/negative/ct_scan_173,0.888779878616333
/ssd8/2023COVID19/Train_Valid_dataset/valid_pure_crop/negative/ct_scan_133,0.06832034140825272
/ssd8/2023COVID19/Train_Valid_dataset/valid_pure_crop/negative/ct_scan262,0.005836887750774622
/ssd8/2023COVID19/Train_Valid_dataset/valid_pure_crop/negative/ct_scan_201,0.004088808782398701
/ssd8/2023COVID19/Train_Valid_dataset/valid_pure_crop/negative/ct_scan_134,0.015673743560910225
/ssd8/2023COVID19/Train_Valid_dataset/valid_pure_crop/negative/ct_scan240,0.004842455964535475
/ssd8/2023COVID19/Train_Valid_dataset/valid_pure_crop/negative/ct_scan_24,0.16391292214393616
/ssd8/2023COVID19/Train_Valid_dataset/valid_pure_crop/negative/ct_scan_130,0.0014721392653882504
/ssd8/2023COVID19/Train_Valid_dataset/valid_pure_crop/negative/ct_scan265,0.5702940821647644
/ssd8/2023COVID19/Train_Valid_dataset/valid_pure_crop/negative/ct_scan_149,0.026139110326766968
/ssd8/2023COVID19/Train_Valid_dataset/valid_pure_crop/negative/ct_scan_120,0.0020464404951781034
/ssd8/2023COVID19/Train_Valid_dataset/valid_pure_crop/negative/ct_scan_71,0.004059651400893927
/ssd8/2023COVID19/Train_Valid_dataset/valid_pure_crop/negative/ct_scan_38,0.4733304977416992
/ssd8/2023COVID19/Train_Valid_dataset/valid_pure_crop/negative/ct_scan_202,0.08527891337871552
/ssd8/2023COVID19/Train_Valid_dataset/valid_pure_crop/negative/ct_scan_15,4.560819797916338e-05
/ssd8/2023COVID19/Train_Valid_dataset/valid_pure_crop/negative/ct_scan_32,4.2277628381270915e-05
/ssd8/2023COVID19/Train_Valid_dataset/valid_pure_crop/negative/ct_scan_60,0.27706578373908997
/ssd8/2023COVID19/Train_Valid_dataset/valid_pure_crop/negative/ct_scan248,0.00019715024973265827
/ssd8/2023COVID19/Train_Valid_dataset/valid_pure_crop/negative/ct_scan_105,0.12269191443920135
/ssd8/2023COVID19/Train_Valid_dataset/valid_pure_crop/negative/ct_scan_114,2.5090923827519873e-07
/ssd8/2023COVID19/Train_Valid_dataset/valid_pure_crop/negative/ct_scan_88,0.033266570419073105
/ssd8/2023COVID19/Train_Valid_dataset/valid_pure_crop/negative/ct_scan232,0.010804550722241402
/ssd8/2023COVID19/Train_Valid_dataset/valid_pure_crop/negative/ct_scan233,0.2514325976371765
/ssd8/2023COVID19/Train_Valid_dataset/valid_pure_crop/negative/ct_scan_117,3.2149350772670005e-06
/ssd8/2023COVID19/Train_Valid_dataset/valid_pure_crop/negative/ct_scan_41,0.00034586916444823146
/ssd8/2023COVID19/Train_Valid_dataset/valid_pure_crop/negative/ct_scan_5,0.15744835138320923
/ssd8/2023COVID19/Train_Valid_dataset/valid_pure_crop/negative/ct_scan239,6.425371975637972e-05
/ssd8/2023COVID19/Train_Valid_dataset/valid_pure_crop/negative/ct_scan255,0.017824219539761543
/ssd8/2023COVID19/Train_Valid_dataset/valid_pure_crop/negative/ct_scan_62,0.05931764841079712
/ssd8/2023COVID19/Train_Valid_dataset/valid_pure_crop/negative/ct_scan230,6.517264409922063e-05
/ssd8/2023COVID19/Train_Valid_dataset/valid_pure_crop/negative/ct_scan_37,0.0005344298551790416
/ssd8/2023COVID19/Train_Valid_dataset/valid_pure_crop/negative/ct_scan_113,1.905779390654061e-05
/ssd8/2023COVID19/Train_Valid_dataset/valid_pure_crop/negative/ct_scan_94,0.3336552083492279
/ssd8/2023COVID19/Train_Valid_dataset/valid_pure_crop/negative/ct_scan219,0.0007549909059889615
/ssd8/2023COVID19/Train_Valid_dataset/valid_pure_crop/negative/ct_scan_178,3.259305958636105e-05
/ssd8/2023COVID19/Train_Valid_dataset/valid_pure_crop/negative/ct_scan_109,0.029041925445199013
/ssd8/2023COVID19/Train_Valid_dataset/valid_pure_crop/negative/ct_scan_181,0.0024225697852671146
/ssd8/2023COVID19/Train_Valid_dataset/valid_pure_crop/negative/ct_scan_171,7.284881121449871e-06
/ssd8/2023COVID19/Train_Valid_dataset/valid_pure_crop/negative/ct_scan_84,0.013034485280513763
/ssd8/2023COVID19/Train_Valid_dataset/valid_pure_crop/negative/ct_scan_206,0.00045869051245972514
/ssd8/2023COVID19/Train_Valid_dataset/valid_pure_crop/negative/ct_scan_175,0.038839131593704224
/ssd8/2023COVID19/Train_Valid_dataset/valid_pure_crop/negative/ct_scan_135,0.01280880719423294
/ssd8/2023COVID19/Train_Valid_dataset/valid_pure_crop/negative/ct_scan_179,0.014706064015626907
/ssd8/2023COVID19/Train_Valid_dataset/valid_pure_crop/negative/ct_scan_193,2.8525773814180866e-05
/ssd8/2023COVID19/Train_Valid_dataset/valid_pure_crop/negative/ct_scan_174,0.5332995653152466
/ssd8/2023COVID19/Train_Valid_dataset/valid_pure_crop/negative/ct_scan_96,7.055667811073363e-05
/ssd8/2023COVID19/Train_Valid_dataset/valid_pure_crop/negative/ct_scan237,8.192105451598763e-05
/ssd8/2023COVID19/Train_Valid_dataset/valid_pure_crop/negative/ct_scan266,0.009625351056456566
/ssd8/2023COVID19/Train_Valid_dataset/valid_pure_crop/negative/ct_scan223,2.696510637179017e-05
/ssd8/2023COVID19/Train_Valid_dataset/valid_pure_crop/negative/ct_scan_21,0.03781522065401077
/ssd8/2023COVID19/Train_Valid_dataset/valid_pure_crop/negative/ct_scan_145,4.3293799535604194e-05
/ssd8/2023COVID19/Train_Valid_dataset/valid_pure_crop/negative/ct_scan235,0.00010963213571812958
/ssd8/2023COVID19/Train_Valid_dataset/valid_pure_crop/negative/ct_scan210,0.002044093329459429
/ssd8/2023COVID19/Train_Valid_dataset/valid_pure_crop/negative/ct_scan_203,0.0027164570055902004
/ssd8/2023COVID19/Train_Valid_dataset/valid_pure_crop/negative/ct_scan258,0.0005751510616391897
/ssd8/2023COVID19/Train_Valid_dataset/valid_pure_crop/negative/ct_scan249,0.02357383817434311
/ssd8/2023COVID19/Train_Valid_dataset/valid_pure_crop/negative/ct_scan_1,0.7230592370033264
/ssd8/2023COVID19/Train_Valid_dataset/valid_pure_crop/negative/ct_scan_169,0.020781246945261955
/ssd8/2023COVID19/Train_Valid_dataset/valid_pure_crop/negative/ct_scan_18,0.42393505573272705
/ssd8/2023COVID19/Train_Valid_dataset/valid_pure_crop/negative/ct_scan253,0.2596546709537506
/ssd8/2023COVID19/Train_Valid_dataset/valid_pure_crop/negative/ct_scan_82,0.04527125880122185
/ssd8/2023COVID19/Train_Valid_dataset/valid_pure_crop/negative/ct_scan212,0.012299484573304653
/ssd8/2023COVID19/Train_Valid_dataset/valid_pure_crop/negative/ct_scan_97,0.3691624104976654
/ssd8/2023COVID19/Train_Valid_dataset/valid_pure_crop/negative/ct_scan_138,3.125624789390713e-05
/ssd8/2023COVID19/Train_Valid_dataset/valid_pure_crop/negative/ct_scan_69,0.06270678341388702
/ssd8/2023COVID19/Train_Valid_dataset/valid_pure_crop/negative/ct_scan_147,0.06290969252586365
/ssd8/2023COVID19/Train_Valid_dataset/valid_pure_crop/negative/ct_scan_183,2.6346197046223097e-05
/ssd8/2023COVID19/Train_Valid_dataset/valid_pure_crop/negative/ct_scan_85,0.038173429667949677
/ssd8/2023COVID19/Train_Valid_dataset/valid_pure_crop/negative/ct_scan268,0.16459904611110687
/ssd8/2023COVID19/Train_Valid_dataset/valid_pure_crop/negative/ct_scan241,7.368544629571261e-06
/ssd8/2023COVID19/Train_Valid_dataset/valid_pure_crop/negative/ct_scan_119,0.35687994956970215
/ssd8/2023COVID19/Train_Valid_dataset/valid_pure_crop/negative/ct_scan_40,0.0030491622164845467
/ssd8/2023COVID19/Train_Valid_dataset/valid_pure_crop/negative/ct_scan_90,0.19116029143333435
/ssd8/2023COVID19/Train_Valid_dataset/valid_pure_crop/negative/ct_scan_23,6.605114322155714e-06
/ssd8/2023COVID19/Train_Valid_dataset/valid_pure_crop/negative/ct_scan_185,0.08732657134532928
/ssd8/2023COVID19/Train_Valid_dataset/valid_pure_crop/negative/ct_scan_168,9.329739441454876e-06
/ssd8/2023COVID19/Train_Valid_dataset/valid_pure_crop/negative/ct_scan_194,0.24512845277786255
/ssd8/2023COVID19/Train_Valid_dataset/valid_pure_crop/negative/ct_scan256,0.00015108346997294575
/ssd8/2023COVID19/Train_Valid_dataset/valid_pure_crop/negative/ct_scan_83,0.02829984948039055
/ssd8/2023COVID19/Train_Valid_dataset/valid_pure_crop/negative/ct_scan_11,0.0012419631239026785
/ssd8/2023COVID19/Train_Valid_dataset/valid_pure_crop/negative/ct_scan_27,0.01686696894466877
/ssd8/2023COVID19/Train_Valid_dataset/valid_pure_crop/negative/ct_scan_172,8.973781950771809e-05
/ssd8/2023COVID19/Train_Valid_dataset/valid_pure_crop/negative/ct_scan229,0.20222607254981995
/ssd8/2023COVID19/Train_Valid_dataset/valid_pure_crop/negative/ct_scan_63,0.004269077442586422
/ssd8/2023COVID19/Train_Valid_dataset/valid_pure_crop/negative/ct_scan_160,1.167486857411859e-06
/ssd8/2023COVID19/Train_Valid_dataset/valid_pure_crop/negative/ct_scan_102,7.017025836830726e-06
/ssd8/2023COVID19/Train_Valid_dataset/valid_pure_crop/negative/ct_scan247,3.206429028068669e-05
/ssd8/2023COVID19/Train_Valid_dataset/valid_pure_crop/negative/ct_scan_116,0.016735689714550972
/ssd8/2023COVID19/Train_Valid_dataset/valid_pure_crop/negative/ct_scan_182,0.1040889322757721
/ssd8/2023COVID19/Train_Valid_dataset/valid_pure_crop/negative/ct_scan_64,0.004625625442713499
/ssd8/2023COVID19/Train_Valid_dataset/valid_pure_crop/negative/ct_scan_157,9.917785064317286e-05
/ssd8/2023COVID19/Train_Valid_dataset/valid_pure_crop/negative/ct_scan_207,0.0178690142929554
/ssd8/2023COVID19/Train_Valid_dataset/valid_pure_crop/negative/ct_scan_155,0.19599491357803345
/ssd8/2023COVID19/Train_Valid_dataset/valid_pure_crop/negative/ct_scan_143,0.07627072930335999
/ssd8/2023COVID19/Train_Valid_dataset/valid_pure_crop/negative/ct_scan_132,0.04084949195384979
/ssd8/2023COVID19/Train_Valid_dataset/valid_pure_crop/negative/ct_scan242,0.34658920764923096
/ssd8/2023COVID19/Train_Valid_dataset/valid_pure_crop/negative/ct_scan_129,0.3550441563129425
/ssd8/2023COVID19/Train_Valid_dataset/valid_pure_crop/negative/ct_scan243,0.9998352527618408
/ssd8/2023COVID19/Train_Valid_dataset/valid_pure_crop/negative/ct_scan_78,0.0018892749212682247
/ssd8/2023COVID19/Train_Valid_dataset/valid_pure_crop/negative/ct_scan_101,0.07893986254930496
/ssd8/2023COVID19/Train_Valid_dataset/valid_pure_crop/negative/ct_scan_199,0.0007533192401751876
/ssd8/2023COVID19/Train_Valid_dataset/valid_pure_crop/negative/ct_scan218,0.03316988795995712
/ssd8/2023COVID19/Train_Valid_dataset/valid_pure_crop/negative/ct_scan_4,0.00018786557484418154
/ssd8/2023COVID19/Train_Valid_dataset/valid_pure_crop/negative/ct_scan_16,0.01884164847433567
/ssd8/2023COVID19/Train_Valid_dataset/valid_pure_crop/negative/ct_scan236,0.00013512794976122677
/ssd8/2023COVID19/Train_Valid_dataset/valid_pure_crop/negative/ct_scan267,0.11164379119873047
/ssd8/2023COVID19/Train_Valid_dataset/valid_pure_crop/negative/ct_scan_191,0.017942354083061218
/ssd8/2023COVID19/Train_Valid_dataset/valid_pure_crop/negative/ct_scan263,0.0009458672720938921
/ssd8/2023COVID19/Train_Valid_dataset/valid_pure_crop/negative/ct_scan_159,0.000990244559943676
/ssd8/2023COVID19/Train_Valid_dataset/valid_pure_crop/negative/ct_scan_166,0.00025527511024847627
/ssd8/2023COVID19/Train_Valid_dataset/valid_pure_crop/negative/ct_scan_98,1.6051879356382415e-05
/ssd8/2023COVID19/Train_Valid_dataset/valid_pure_crop/negative/ct_scan_2,0.024429816752672195
/ssd8/2023COVID19/Train_Valid_dataset/valid_pure_crop/negative/ct_scan_152,0.30584296584129333
/ssd8/2023COVID19/Train_Valid_dataset/valid_pure_crop/negative/ct_scan_0,0.5678969025611877
/ssd8/2023COVID19/Train_Valid_dataset/valid_pure_crop/negative/ct_scan_148,0.024908922612667084
/ssd8/2023COVID19/Train_Valid_dataset/valid_pure_crop/negative/ct_scan_45,0.0018065094482153654
/ssd8/2023COVID19/Train_Valid_dataset/valid_pure_crop/negative/ct_scan_163,0.07164455950260162
/ssd8/2023COVID19/Train_Valid_dataset/valid_pure_crop/negative/ct_scan_70,0.004016702529042959
/ssd8/2023COVID19/Train_Valid_dataset/valid_pure_crop/negative/ct_scan_131,0.0013022422790527344
/ssd8/2023COVID19/Train_Valid_dataset/valid_pure_crop/negative/ct_scan_13,0.007667395286262035
/ssd8/2023COVID19/Train_Valid_dataset/valid_pure_crop/negative/ct_scan_68,0.0010501669021323323
/ssd8/2023COVID19/Train_Valid_dataset/valid_pure_crop/negative/ct_scan224,0.14088064432144165
/ssd8/2023COVID19/Train_Valid_dataset/valid_pure_crop/negative/ct_scan_77,0.1200728714466095
/ssd8/2023COVID19/Train_Valid_dataset/valid_pure_crop/negative/ct_scan_25,8.433630864601582e-05
/ssd8/2023COVID19/Train_Valid_dataset/valid_pure_crop/negative/ct_scan_33,0.0010120845399796963
/ssd8/2023COVID19/Train_Valid_dataset/valid_pure_crop/negative/ct_scan_35,0.003243743907660246
/ssd8/2023COVID19/Train_Valid_dataset/valid_pure_crop/negative/ct_scan_28,0.06292053312063217
/ssd8/2023COVID19/Train_Valid_dataset/valid_pure_crop/negative/ct_scan221,0.2759447693824768
/ssd8/2023COVID19/Train_Valid_dataset/valid_pure_crop/negative/ct_scan259,0.0032550054602324963
/ssd8/2023COVID19/Train_Valid_dataset/valid_pure_crop/negative/ct_scan_204,3.2991203624987975e-05
/ssd8/2023COVID19/Train_Valid_dataset/valid_pure_crop/negative/ct_scan_161,0.002326873131096363
/ssd8/2023COVID19/Train_Valid_dataset/valid_pure_crop/negative/ct_scan_66,0.0006732336478307843
/ssd8/2023COVID19/Train_Valid_dataset/valid_pure_crop/negative/ct_scan_189,0.01288018561899662
/ssd8/2023COVID19/Train_Valid_dataset/valid_pure_crop/negative/ct_scan_36,0.025551307946443558
/ssd8/2023COVID19/Train_Valid_dataset/valid_pure_crop/negative/ct_scan214,0.0002871060569304973
/ssd8/2023COVID19/Train_Valid_dataset/valid_pure_crop/negative/ct_scan_53,1.9013725250260904e-05
/ssd8/2023COVID19/Train_Valid_dataset/valid_pure_crop/negative/ct_scan_50,0.0007332615205086768
/ssd8/2023COVID19/Train_Valid_dataset/valid_pure_crop/negative/ct_scan_22,0.2920083701610565
/ssd8/2023COVID19/Train_Valid_dataset/valid_pure_crop/negative/ct_scan228,0.015641313046216965
/ssd8/2023COVID19/Train_Valid_dataset/valid_pure_crop/negative/ct_scan_136,0.021745186299085617
/ssd8/2023COVID19/Train_Valid_dataset/valid_pure_crop/negative/ct_scan_47,0.2787522077560425
/ssd8/2023COVID19/Train_Valid_dataset/valid_pure_crop/negative/ct_scan_95,0.0006288336589932442
/ssd8/2023COVID19/Train_Valid_dataset/valid_pure_crop/negative/ct_scan211,0.0009390992345288396
/ssd8/2023COVID19/Train_Valid_dataset/valid_pure_crop/negative/ct_scan_151,0.0819431021809578
/ssd8/2023COVID19/Train_Valid_dataset/valid_pure_crop/negative/ct_scan227,0.0022422305773943663
/ssd8/2023COVID19/Train_Valid_dataset/valid_pure_crop/negative/ct_scan_122,0.018407484516501427
/ssd8/2023COVID19/Train_Valid_dataset/valid_pure_crop/negative/ct_scan_177,0.6425442695617676
/ssd8/2023COVID19/Train_Valid_dataset/valid_pure_crop/negative/ct_scan_121,0.0005402082460932434
/ssd8/2023COVID19/Train_Valid_dataset/valid_pure_crop/negative/ct_scan_39,0.006902607157826424
/ssd8/2023COVID19/Train_Valid_dataset/valid_pure_crop/negative/ct_scan_9,0.7703908681869507
/ssd8/2023COVID19/Train_Valid_dataset/valid_pure_crop/negative/ct_scan261,0.0003369437181390822
/ssd8/2023COVID19/Train_Valid_dataset/valid_pure_crop/negative/ct_scan264,0.2656870484352112
/ssd8/2023COVID19/Train_Valid_dataset/valid_pure_crop/negative/ct_scan_164,0.2556532025337219
/ssd8/2023COVID19/Train_Valid_dataset/valid_pure_crop/negative/ct_scan238,0.10698550939559937
/ssd8/2023COVID19/Train_Valid_dataset/valid_pure_crop/negative/ct_scan_142,0.0012858659029006958
/ssd8/2023COVID19/Train_Valid_dataset/valid_pure_crop/negative/ct_scan257,0.28866341710090637
/ssd8/2023COVID19/Train_Valid_dataset/valid_pure_crop/negative/ct_scan_115,0.18606865406036377
/ssd8/2023COVID19/Train_Valid_dataset/valid_pure_crop/negative/ct_scan254,0.001237845397554338
/ssd8/2023COVID19/Train_Valid_dataset/valid_pure_crop/negative/ct_scan_156,0.9992715120315552
/ssd8/2023COVID19/Train_Valid_dataset/valid_pure_crop/negative/ct_scan_14,1.4323245522973593e-06
/ssd8/2023COVID19/Train_Valid_dataset/valid_pure_crop/positive/ct_scan_76,0.9999833106994629
/ssd8/2023COVID19/Train_Valid_dataset/valid_pure_crop/positive/ct_scan491,0.9629114866256714
/ssd8/2023COVID19/Train_Valid_dataset/valid_pure_crop/positive/ct_scan_51,1.0
/ssd8/2023COVID19/Train_Valid_dataset/valid_pure_crop/positive/ct_scan_44,0.9992138147354126
/ssd8/2023COVID19/Train_Valid_dataset/valid_pure_crop/positive/ct_scan_10,0.9999887943267822
/ssd8/2023COVID19/Train_Valid_dataset/valid_pure_crop/positive/ct_scan193,0.9999948143959045
/ssd8/2023COVID19/Train_Valid_dataset/valid_pure_crop/positive/ct_scan186,0.6299211978912354
/ssd8/2023COVID19/Train_Valid_dataset/valid_pure_crop/positive/ct_scan208,0.9985885620117188
/ssd8/2023COVID19/Train_Valid_dataset/valid_pure_crop/positive/ct_scan_26,0.9515255093574524
/ssd8/2023COVID19/Train_Valid_dataset/valid_pure_crop/positive/ct_scan_59,0.9999933242797852
/ssd8/2023COVID19/Train_Valid_dataset/valid_pure_crop/positive/ct_scan_87,0.9982272386550903
/ssd8/2023COVID19/Train_Valid_dataset/valid_pure_crop/positive/ct_scan179,0.9999979734420776
/ssd8/2023COVID19/Train_Valid_dataset/valid_pure_crop/positive/ct_scan_154,0.9359282851219177
/ssd8/2023COVID19/Train_Valid_dataset/valid_pure_crop/positive/ct_scan_118,0.9505952596664429
/ssd8/2023COVID19/Train_Valid_dataset/valid_pure_crop/positive/ct_scan_112,0.9795005321502686
/ssd8/2023COVID19/Train_Valid_dataset/valid_pure_crop/positive/ct_scan_8,0.9999979734420776
/ssd8/2023COVID19/Train_Valid_dataset/valid_pure_crop/positive/ct_scan_72,0.9999982118606567
/ssd8/2023COVID19/Train_Valid_dataset/valid_pure_crop/positive/ct_scan172,0.8927546739578247
/ssd8/2023COVID19/Train_Valid_dataset/valid_pure_crop/positive/ct_scan_80,1.0
/ssd8/2023COVID19/Train_Valid_dataset/valid_pure_crop/positive/ct_scan213,0.9841518402099609
/ssd8/2023COVID19/Train_Valid_dataset/valid_pure_crop/positive/ct_scan_153,0.5995770692825317
/ssd8/2023COVID19/Train_Valid_dataset/valid_pure_crop/positive/ct_scan_67,0.9991487264633179
/ssd8/2023COVID19/Train_Valid_dataset/valid_pure_crop/positive/ct_scan203,0.32704293727874756
/ssd8/2023COVID19/Train_Valid_dataset/valid_pure_crop/positive/ct_scan_127,0.9999152421951294
/ssd8/2023COVID19/Train_Valid_dataset/valid_pure_crop/positive/ct_scan_106,0.46817052364349365
/ssd8/2023COVID19/Train_Valid_dataset/valid_pure_crop/positive/ct_scan_56,0.9996856451034546
/ssd8/2023COVID19/Train_Valid_dataset/valid_pure_crop/positive/ct_scan_128,0.05618676170706749
/ssd8/2023COVID19/Train_Valid_dataset/valid_pure_crop/positive/ct_scan_99,0.9998447895050049
/ssd8/2023COVID19/Train_Valid_dataset/valid_pure_crop/positive/ct_scan_158,0.6422711610794067
/ssd8/2023COVID19/Train_Valid_dataset/valid_pure_crop/positive/ct_scan_140,0.8156743049621582
/ssd8/2023COVID19/Train_Valid_dataset/valid_pure_crop/positive/ct_scan_125,0.6277145147323608
/ssd8/2023COVID19/Train_Valid_dataset/valid_pure_crop/positive/ct_scan209,0.9974008202552795
/ssd8/2023COVID19/Train_Valid_dataset/valid_pure_crop/positive/ct_scan_124,0.03584834188222885
/ssd8/2023COVID19/Train_Valid_dataset/valid_pure_crop/positive/ct_scan183,0.9999256134033203
/ssd8/2023COVID19/Train_Valid_dataset/valid_pure_crop/positive/ct_scan_57,1.0
/ssd8/2023COVID19/Train_Valid_dataset/valid_pure_crop/positive/ct_scan_107,0.9999932050704956
/ssd8/2023COVID19/Train_Valid_dataset/valid_pure_crop/positive/ct_scan174,0.864875853061676
/ssd8/2023COVID19/Train_Valid_dataset/valid_pure_crop/positive/ct_scan_103,0.9999569058418274
/ssd8/2023COVID19/Train_Valid_dataset/valid_pure_crop/positive/ct_scan_79,0.959693193435669
/ssd8/2023COVID19/Train_Valid_dataset/valid_pure_crop/positive/ct_scan_137,0.3012107014656067
/ssd8/2023COVID19/Train_Valid_dataset/valid_pure_crop/positive/ct_scan_17,0.8307665586471558
/ssd8/2023COVID19/Train_Valid_dataset/valid_pure_crop/positive/ct_scan_92,0.9959676265716553
/ssd8/2023COVID19/Train_Valid_dataset/valid_pure_crop/positive/ct_scan_42,0.8776481747627258
/ssd8/2023COVID19/Train_Valid_dataset/valid_pure_crop/positive/ct_scan_31,1.0
/ssd8/2023COVID19/Train_Valid_dataset/valid_pure_crop/positive/ct_scan168,0.9990530014038086
/ssd8/2023COVID19/Train_Valid_dataset/valid_pure_crop/positive/ct_scan_6,1.0
/ssd8/2023COVID19/Train_Valid_dataset/valid_pure_crop/positive/ct_scan_19,1.0
/ssd8/2023COVID19/Train_Valid_dataset/valid_pure_crop/positive/ct_scan_108,0.9999641180038452
/ssd8/2023COVID19/Train_Valid_dataset/valid_pure_crop/positive/ct_scan187,0.9999924898147583
/ssd8/2023COVID19/Train_Valid_dataset/valid_pure_crop/positive/ct_scan198,0.0008938260725699365
/ssd8/2023COVID19/Train_Valid_dataset/valid_pure_crop/positive/ct_scan_110,0.7972543239593506
/ssd8/2023COVID19/Train_Valid_dataset/valid_pure_crop/positive/ct_scan_75,1.0
/ssd8/2023COVID19/Train_Valid_dataset/valid_pure_crop/positive/ct_scan195,0.8033729791641235
/ssd8/2023COVID19/Train_Valid_dataset/valid_pure_crop/positive/ct_scan173,0.9977244138717651
/ssd8/2023COVID19/Train_Valid_dataset/valid_pure_crop/positive/ct_scan_48,0.6495092511177063
/ssd8/2023COVID19/Train_Valid_dataset/valid_pure_crop/positive/ct_scan_150,0.8474113941192627
/ssd8/2023COVID19/Train_Valid_dataset/valid_pure_crop/positive/ct_scan_3,0.9999964833259583
/ssd8/2023COVID19/Train_Valid_dataset/valid_pure_crop/positive/ct_scan189,0.9992160797119141
/ssd8/2023COVID19/Train_Valid_dataset/valid_pure_crop/positive/ct_scan485,0.9845516681671143
/ssd8/2023COVID19/Train_Valid_dataset/valid_pure_crop/positive/ct_scan_126,0.9852274060249329
/ssd8/2023COVID19/Train_Valid_dataset/valid_pure_crop/positive/ct_scan_52,1.0
/ssd8/2023COVID19/Train_Valid_dataset/valid_pure_crop/positive/ct_scan_81,0.9997096061706543
/ssd8/2023COVID19/Train_Valid_dataset/valid_pure_crop/positive/ct_scan_86,0.9755346179008484
/ssd8/2023COVID19/Train_Valid_dataset/valid_pure_crop/positive/ct_scan_46,0.9996802806854248
/ssd8/2023COVID19/Train_Valid_dataset/valid_pure_crop/positive/ct_scan_55,0.9858089685440063
/ssd8/2023COVID19/Train_Valid_dataset/valid_pure_crop/positive/ct_scan_139,0.10307683050632477
/ssd8/2023COVID19/Train_Valid_dataset/valid_pure_crop/positive/ct_scan204,0.9999979734420776
/ssd8/2023COVID19/Train_Valid_dataset/valid_pure_crop/positive/ct_scan_144,0.7175911664962769
/ssd8/2023COVID19/Train_Valid_dataset/valid_pure_crop/positive/ct_scan_91,0.9979860186576843
/ssd8/2023COVID19/Train_Valid_dataset/valid_pure_crop/positive/ct_scan486,0.914408802986145
/ssd8/2023COVID19/Train_Valid_dataset/valid_pure_crop/positive/ct_scan_49,0.9999991655349731
/ssd8/2023COVID19/Train_Valid_dataset/valid_pure_crop/positive/ct_scan_162,0.9827684760093689
/ssd8/2023COVID19/Train_Valid_dataset/valid_pure_crop/positive/ct_scan175,0.5099179744720459
/ssd8/2023COVID19/Train_Valid_dataset/valid_pure_crop/positive/ct_scan_20,0.9999991059303284
/ssd8/2023COVID19/Train_Valid_dataset/valid_pure_crop/positive/ct_scan_34,0.8744763135910034
/ssd8/2023COVID19/Train_Valid_dataset/valid_pure_crop/positive/ct_scan_43,0.9999810457229614
/ssd8/2023COVID19/Train_Valid_dataset/valid_pure_crop/positive/ct_scan_146,0.8846839666366577
/ssd8/2023COVID19/Train_Valid_dataset/valid_pure_crop/positive/ct_scan_73,1.0
/ssd8/2023COVID19/Train_Valid_dataset/valid_pure_crop/positive/ct_scan_93,1.0
/ssd8/2023COVID19/Train_Valid_dataset/valid_pure_crop/positive/ct_scan_74,0.9999927878379822
/ssd8/2023COVID19/Train_Valid_dataset/valid_pure_crop/positive/ct_scan_104,0.3361203074455261
/ssd8/2023COVID19/Train_Valid_dataset/valid_pure_crop/positive/ct_scan_111,0.04229636862874031
/ssd8/2023COVID19/Train_Valid_dataset/valid_pure_crop/positive/ct_scan_30,0.8866684436798096
/ssd8/2023COVID19/Train_Valid_dataset/valid_pure_crop/positive/ct_scan_58,0.9999881982803345
/ssd8/2023COVID19/Train_Valid_dataset/valid_pure_crop/positive/ct_scan_7,0.7884591221809387
/ssd8/2023COVID19/Train_Valid_dataset/valid_pure_crop/positive/ct_scan207,0.9990230798721313
/ssd8/2023COVID19/Train_Valid_dataset/valid_pure_crop/positive/ct_scan490,0.9322952032089233
/ssd8/2023COVID19/Train_Valid_dataset/valid_pure_crop/positive/ct_scan_123,0.28686249256134033
/ssd8/2023COVID19/Train_Valid_dataset/valid_pure_crop/positive/ct_scan_89,1.0
/ssd8/2023COVID19/Train_Valid_dataset/valid_pure_crop/positive/ct_scan_12,1.0
/ssd8/2023COVID19/Train_Valid_dataset/valid_pure_crop/positive/ct_scan_65,0.9998594522476196
/ssd8/2023COVID19/Train_Valid_dataset/valid_pure_crop/positive/ct_scan190,0.9997749328613281
/ssd8/2023COVID19/Train_Valid_dataset/valid_pure_crop/positive/ct_scan489,1.0
/ssd8/2023COVID19/Train_Valid_dataset/valid_pure_crop/positive/ct_scan_100,1.0
/ssd8/2023COVID19/Train_Valid_dataset/valid_pure_crop/positive/ct_scan169,1.0
/ssd8/2023COVID19/Train_Valid_dataset/valid_pure_crop/positive/ct_scan_29,1.0
/ssd8/2023COVID19/Train_Valid_dataset/valid_pure_crop/positive/ct_scan_141,0.8819789290428162
/ssd8/2023COVID19/Train_Valid_dataset/valid_pure_crop/positive/ct_scan_61,1.0
/ssd8/2023COVID19/Train_Valid_dataset/valid_pure_crop/positive/ct_scan483,0.9999984502792358
/ssd8/2023COVID19/Train_Valid_dataset/valid_pure_crop/positive/ct_scan_54,0.6923434734344482
/ssd8/2023COVID19/Train_Valid_dataset/valid_pure_crop/positive/ct_scan_133,0.6878913044929504
/ssd8/2023COVID19/Train_Valid_dataset/valid_pure_crop/positive/ct_scan_134,1.7490345953774522e-06
/ssd8/2023COVID19/Train_Valid_dataset/valid_pure_crop/positive/ct_scan_24,0.9999997615814209
/ssd8/2023COVID19/Train_Valid_dataset/valid_pure_crop/positive/ct_scan_130,0.46955499053001404
/ssd8/2023COVID19/Train_Valid_dataset/valid_pure_crop/positive/ct_scan201,0.991669774055481
/ssd8/2023COVID19/Train_Valid_dataset/valid_pure_crop/positive/ct_scan_149,0.979050874710083
/ssd8/2023COVID19/Train_Valid_dataset/valid_pure_crop/positive/ct_scan_120,0.9457577466964722
/ssd8/2023COVID19/Train_Valid_dataset/valid_pure_crop/positive/ct_scan_71,0.9031485319137573
/ssd8/2023COVID19/Train_Valid_dataset/valid_pure_crop/positive/ct_scan_38,0.5469790697097778
/ssd8/2023COVID19/Train_Valid_dataset/valid_pure_crop/positive/ct_scan_15,1.0
/ssd8/2023COVID19/Train_Valid_dataset/valid_pure_crop/positive/ct_scan_32,0.9989121556282043
/ssd8/2023COVID19/Train_Valid_dataset/valid_pure_crop/positive/ct_scan_60,0.9996871948242188
/ssd8/2023COVID19/Train_Valid_dataset/valid_pure_crop/positive/ct_scan188,0.9740933179855347
/ssd8/2023COVID19/Train_Valid_dataset/valid_pure_crop/positive/ct_scan_105,0.999544084072113
/ssd8/2023COVID19/Train_Valid_dataset/valid_pure_crop/positive/ct_scan176,1.0
/ssd8/2023COVID19/Train_Valid_dataset/valid_pure_crop/positive/ct_scan_114,0.9999971389770508
/ssd8/2023COVID19/Train_Valid_dataset/valid_pure_crop/positive/ct_scan_88,0.9999857544898987
/ssd8/2023COVID19/Train_Valid_dataset/valid_pure_crop/positive/ct_scan177,1.0
/ssd8/2023COVID19/Train_Valid_dataset/valid_pure_crop/positive/ct_scan_117,0.0015249988064169884
/ssd8/2023COVID19/Train_Valid_dataset/valid_pure_crop/positive/ct_scan205,0.99992835521698
/ssd8/2023COVID19/Train_Valid_dataset/valid_pure_crop/positive/ct_scan_41,0.9999662041664124
/ssd8/2023COVID19/Train_Valid_dataset/valid_pure_crop/positive/ct_scan_5,0.9859253168106079
/ssd8/2023COVID19/Train_Valid_dataset/valid_pure_crop/positive/ct_scan196,0.5605597496032715
/ssd8/2023COVID19/Train_Valid_dataset/valid_pure_crop/positive/ct_scan_62,0.06463843584060669
/ssd8/2023COVID19/Train_Valid_dataset/valid_pure_crop/positive/ct_scan200,0.9528560638427734
/ssd8/2023COVID19/Train_Valid_dataset/valid_pure_crop/positive/ct_scan_37,0.9294666051864624
/ssd8/2023COVID19/Train_Valid_dataset/valid_pure_crop/positive/ct_scan_113,0.6761860847473145
/ssd8/2023COVID19/Train_Valid_dataset/valid_pure_crop/positive/ct_scan_94,0.9965505003929138
/ssd8/2023COVID19/Train_Valid_dataset/valid_pure_crop/positive/ct_scan487,0.9999978542327881
/ssd8/2023COVID19/Train_Valid_dataset/valid_pure_crop/positive/ct_scan167,0.9923173189163208
/ssd8/2023COVID19/Train_Valid_dataset/valid_pure_crop/positive/ct_scan_109,0.9168155789375305
/ssd8/2023COVID19/Train_Valid_dataset/valid_pure_crop/positive/ct_scan206,0.9863731265068054
/ssd8/2023COVID19/Train_Valid_dataset/valid_pure_crop/positive/ct_scan_84,0.9999703764915466
/ssd8/2023COVID19/Train_Valid_dataset/valid_pure_crop/positive/ct_scan_135,0.9247947931289673
/ssd8/2023COVID19/Train_Valid_dataset/valid_pure_crop/positive/ct_scan_96,0.9999977350234985
/ssd8/2023COVID19/Train_Valid_dataset/valid_pure_crop/positive/ct_scan_21,0.9999999403953552
/ssd8/2023COVID19/Train_Valid_dataset/valid_pure_crop/positive/ct_scan165,0.9959472417831421
/ssd8/2023COVID19/Train_Valid_dataset/valid_pure_crop/positive/ct_scan_145,0.9930803775787354
/ssd8/2023COVID19/Train_Valid_dataset/valid_pure_crop/positive/ct_scan199,0.5479539632797241
/ssd8/2023COVID19/Train_Valid_dataset/valid_pure_crop/positive/ct_scan210,0.9944015741348267
/ssd8/2023COVID19/Train_Valid_dataset/valid_pure_crop/positive/ct_scan_1,0.9999960064888
/ssd8/2023COVID19/Train_Valid_dataset/valid_pure_crop/positive/ct_scan_18,0.9996801614761353
/ssd8/2023COVID19/Train_Valid_dataset/valid_pure_crop/positive/ct_scan_82,0.9999803304672241
/ssd8/2023COVID19/Train_Valid_dataset/valid_pure_crop/positive/ct_scan212,0.8632100224494934
/ssd8/2023COVID19/Train_Valid_dataset/valid_pure_crop/positive/ct_scan_97,0.9999468326568604
/ssd8/2023COVID19/Train_Valid_dataset/valid_pure_crop/positive/ct_scan_138,0.37340500950813293
/ssd8/2023COVID19/Train_Valid_dataset/valid_pure_crop/positive/ct_scan_69,0.9999997019767761
/ssd8/2023COVID19/Train_Valid_dataset/valid_pure_crop/positive/ct_scan_147,0.9012376070022583
/ssd8/2023COVID19/Train_Valid_dataset/valid_pure_crop/positive/ct_scan_85,1.0
/ssd8/2023COVID19/Train_Valid_dataset/valid_pure_crop/positive/ct_scan178,0.9999315738677979
/ssd8/2023COVID19/Train_Valid_dataset/valid_pure_crop/positive/ct_scan_119,0.9999754428863525
/ssd8/2023COVID19/Train_Valid_dataset/valid_pure_crop/positive/ct_scan_40,0.971935510635376
/ssd8/2023COVID19/Train_Valid_dataset/valid_pure_crop/positive/ct_scan_90,0.6753343343734741
/ssd8/2023COVID19/Train_Valid_dataset/valid_pure_crop/positive/ct_scan_23,0.737632691860199
/ssd8/2023COVID19/Train_Valid_dataset/valid_pure_crop/positive/ct_scan_83,0.9999988079071045
/ssd8/2023COVID19/Train_Valid_dataset/valid_pure_crop/positive/ct_scan_11,0.8959455490112305
/ssd8/2023COVID19/Train_Valid_dataset/valid_pure_crop/positive/ct_scan_27,0.9999919533729553
/ssd8/2023COVID19/Train_Valid_dataset/valid_pure_crop/positive/ct_scan194,0.9524869918823242
/ssd8/2023COVID19/Train_Valid_dataset/valid_pure_crop/positive/ct_scan_63,0.9999947547912598
/ssd8/2023COVID19/Train_Valid_dataset/valid_pure_crop/positive/ct_scan_160,0.9938877820968628
/ssd8/2023COVID19/Train_Valid_dataset/valid_pure_crop/positive/ct_scan_102,1.0
/ssd8/2023COVID19/Train_Valid_dataset/valid_pure_crop/positive/ct_scan184,0.7585951089859009
/ssd8/2023COVID19/Train_Valid_dataset/valid_pure_crop/positive/ct_scan_116,0.34871089458465576
/ssd8/2023COVID19/Train_Valid_dataset/valid_pure_crop/positive/ct_scan_64,0.7943778038024902
/ssd8/2023COVID19/Train_Valid_dataset/valid_pure_crop/positive/ct_scan_157,0.12652604281902313
/ssd8/2023COVID19/Train_Valid_dataset/valid_pure_crop/positive/ct_scan171,0.9903528094291687
/ssd8/2023COVID19/Train_Valid_dataset/valid_pure_crop/positive/ct_scan_155,0.020132452249526978
/ssd8/2023COVID19/Train_Valid_dataset/valid_pure_crop/positive/ct_scan_143,0.34249958395957947
/ssd8/2023COVID19/Train_Valid_dataset/valid_pure_crop/positive/ct_scan_132,0.946456789970398
/ssd8/2023COVID19/Train_Valid_dataset/valid_pure_crop/positive/ct_scan_129,0.9999302625656128
/ssd8/2023COVID19/Train_Valid_dataset/valid_pure_crop/positive/ct_scan_78,0.9849495887756348
/ssd8/2023COVID19/Train_Valid_dataset/valid_pure_crop/positive/ct_scan181,0.9343876838684082
/ssd8/2023COVID19/Train_Valid_dataset/valid_pure_crop/positive/ct_scan_101,1.0
/ssd8/2023COVID19/Train_Valid_dataset/valid_pure_crop/positive/ct_scan_4,0.8347148895263672
/ssd8/2023COVID19/Train_Valid_dataset/valid_pure_crop/positive/ct_scan_16,0.9999999403953552
/ssd8/2023COVID19/Train_Valid_dataset/valid_pure_crop/positive/ct_scan484,0.9799748063087463
/ssd8/2023COVID19/Train_Valid_dataset/valid_pure_crop/positive/ct_scan191,0.9999307990074158
/ssd8/2023COVID19/Train_Valid_dataset/valid_pure_crop/positive/ct_scan_159,0.5004822015762329
/ssd8/2023COVID19/Train_Valid_dataset/valid_pure_crop/positive/ct_scan_98,0.27285322546958923
/ssd8/2023COVID19/Train_Valid_dataset/valid_pure_crop/positive/ct_scan_2,0.9853189587593079
/ssd8/2023COVID19/Train_Valid_dataset/valid_pure_crop/positive/ct_scan_152,0.9999725818634033
/ssd8/2023COVID19/Train_Valid_dataset/valid_pure_crop/positive/ct_scan_0,0.9999998807907104
/ssd8/2023COVID19/Train_Valid_dataset/valid_pure_crop/positive/ct_scan_148,0.9937498569488525
/ssd8/2023COVID19/Train_Valid_dataset/valid_pure_crop/positive/ct_scan_45,0.9961673021316528
/ssd8/2023COVID19/Train_Valid_dataset/valid_pure_crop/positive/ct_scan170,0.9466716647148132
/ssd8/2023COVID19/Train_Valid_dataset/valid_pure_crop/positive/ct_scan182,0.9605361819267273
/ssd8/2023COVID19/Train_Valid_dataset/valid_pure_crop/positive/ct_scan_163,0.9999999403953552
/ssd8/2023COVID19/Train_Valid_dataset/valid_pure_crop/positive/ct_scan_70,0.9996808171272278
/ssd8/2023COVID19/Train_Valid_dataset/valid_pure_crop/positive/ct_scan_131,0.8433071970939636
/ssd8/2023COVID19/Train_Valid_dataset/valid_pure_crop/positive/ct_scan_13,0.9986543655395508
/ssd8/2023COVID19/Train_Valid_dataset/valid_pure_crop/positive/ct_scan_68,0.9957237243652344
/ssd8/2023COVID19/Train_Valid_dataset/valid_pure_crop/positive/ct_scan_77,0.991315484046936
/ssd8/2023COVID19/Train_Valid_dataset/valid_pure_crop/positive/ct_scan166,0.9928165674209595
/ssd8/2023COVID19/Train_Valid_dataset/valid_pure_crop/positive/ct_scan_25,0.9998587369918823
/ssd8/2023COVID19/Train_Valid_dataset/valid_pure_crop/positive/ct_scan_33,0.9119653701782227
/ssd8/2023COVID19/Train_Valid_dataset/valid_pure_crop/positive/ct_scan488,0.9945732355117798
/ssd8/2023COVID19/Train_Valid_dataset/valid_pure_crop/positive/ct_scan492,0.9999486207962036
/ssd8/2023COVID19/Train_Valid_dataset/valid_pure_crop/positive/ct_scan_35,0.5804780721664429
/ssd8/2023COVID19/Train_Valid_dataset/valid_pure_crop/positive/ct_scan_28,0.9999997615814209
/ssd8/2023COVID19/Train_Valid_dataset/valid_pure_crop/positive/ct_scan197,0.08236023783683777
/ssd8/2023COVID19/Train_Valid_dataset/valid_pure_crop/positive/ct_scan_161,0.9995217323303223
/ssd8/2023COVID19/Train_Valid_dataset/valid_pure_crop/positive/ct_scan_66,0.9910935163497925
/ssd8/2023COVID19/Train_Valid_dataset/valid_pure_crop/positive/ct_scan_36,0.3149157762527466
/ssd8/2023COVID19/Train_Valid_dataset/valid_pure_crop/positive/ct_scan214,0.743840754032135
/ssd8/2023COVID19/Train_Valid_dataset/valid_pure_crop/positive/ct_scan_53,0.9975385665893555
/ssd8/2023COVID19/Train_Valid_dataset/valid_pure_crop/positive/ct_scan_50,0.999998927116394
/ssd8/2023COVID19/Train_Valid_dataset/valid_pure_crop/positive/ct_scan_22,0.8282583951950073
/ssd8/2023COVID19/Train_Valid_dataset/valid_pure_crop/positive/ct_scan192,1.0
/ssd8/2023COVID19/Train_Valid_dataset/valid_pure_crop/positive/ct_scan202,0.09365138411521912
/ssd8/2023COVID19/Train_Valid_dataset/valid_pure_crop/positive/ct_scan_136,0.00018858781550079584
/ssd8/2023COVID19/Train_Valid_dataset/valid_pure_crop/positive/ct_scan_47,0.9999902248382568
/ssd8/2023COVID19/Train_Valid_dataset/valid_pure_crop/positive/ct_scan_95,0.9996191263198853
/ssd8/2023COVID19/Train_Valid_dataset/valid_pure_crop/positive/ct_scan211,0.9999994039535522
/ssd8/2023COVID19/Train_Valid_dataset/valid_pure_crop/positive/ct_scan_151,0.939323902130127
/ssd8/2023COVID19/Train_Valid_dataset/valid_pure_crop/positive/ct_scan_122,0.9996387362480164
/ssd8/2023COVID19/Train_Valid_dataset/valid_pure_crop/positive/ct_scan185,1.0
/ssd8/2023COVID19/Train_Valid_dataset/valid_pure_crop/positive/ct_scan180,0.8849601745605469
/ssd8/2023COVID19/Train_Valid_dataset/valid_pure_crop/positive/ct_scan_121,0.8352301120758057
/ssd8/2023COVID19/Train_Valid_dataset/valid_pure_crop/positive/ct_scan_39,0.9997559785842896
/ssd8/2023COVID19/Train_Valid_dataset/valid_pure_crop/positive/ct_scan_9,0.8535536527633667
/ssd8/2023COVID19/Train_Valid_dataset/valid_pure_crop/positive/ct_scan_164,0.9885405898094177
/ssd8/2023COVID19/Train_Valid_dataset/valid_pure_crop/positive/ct_scan_142,0.1805276721715927
/ssd8/2023COVID19/Train_Valid_dataset/valid_pure_crop/positive/ct_scan_115,0.9909627437591553
/ssd8/2023COVID19/Train_Valid_dataset/valid_pure_crop/positive/ct_scan_156,0.0016086827963590622
/ssd8/2023COVID19/Train_Valid_dataset/valid_pure_crop/positive/ct_scan_14,0.08790554106235504
/ssd8/2023COVID19/Unzip_dataset/valid_pure_crop_challenge/negative/extra_challenge1_non_cov_val_new_icassp/ct_scan4163,0.002531271893531084
/ssd8/2023COVID19/Unzip_dataset/valid_pure_crop_challenge/negative/extra_challenge1_non_cov_val_new_icassp/ct_scan4127,0.016723360866308212
/ssd8/2023COVID19/Unzip_dataset/valid_pure_crop_challenge/negative/extra_challenge1_non_cov_val_new_icassp/ct_scan4047,2.2202237232704647e-05
/ssd8/2023COVID19/Unzip_dataset/valid_pure_crop_challenge/negative/extra_challenge1_non_cov_val_new_icassp/ct_scan4191,0.9005422592163086
/ssd8/2023COVID19/Unzip_dataset/valid_pure_crop_challenge/negative/extra_challenge1_non_cov_val_new_icassp/ct_scan4205,0.4762948155403137
/ssd8/2023COVID19/Unzip_dataset/valid_pure_crop_challenge/negative/extra_challenge1_non_cov_val_new_icassp/ct_scan4126,0.001869318773970008
/ssd8/2023COVID19/Unzip_dataset/valid_pure_crop_challenge/negative/extra_challenge1_non_cov_val_new_icassp/ct_scan4056,0.006784744560718536
/ssd8/2023COVID19/Unzip_dataset/valid_pure_crop_challenge/negative/extra_challenge1_non_cov_val_new_icassp/ct_scan4166,0.013536445796489716
/ssd8/2023COVID19/Unzip_dataset/valid_pure_crop_challenge/negative/extra_challenge1_non_cov_val_new_icassp/ct_scan4138,0.05686437338590622
/ssd8/2023COVID19/Unzip_dataset/valid_pure_crop_challenge/negative/extra_challenge1_non_cov_val_new_icassp/ct_scan4031,0.0053226882591843605
/ssd8/2023COVID19/Unzip_dataset/valid_pure_crop_challenge/negative/extra_challenge1_non_cov_val_new_icassp/ct_scan4088,0.20504671335220337
/ssd8/2023COVID19/Unzip_dataset/valid_pure_crop_challenge/negative/extra_challenge1_non_cov_val_new_icassp/ct_scan4137,0.15765626728534698
/ssd8/2023COVID19/Unzip_dataset/valid_pure_crop_challenge/negative/extra_challenge1_non_cov_val_new_icassp/ct_scan4109,0.0036793467588722706
/ssd8/2023COVID19/Unzip_dataset/valid_pure_crop_challenge/negative/extra_challenge1_non_cov_val_new_icassp/ct_scan4080,0.025151245296001434
/ssd8/2023COVID19/Unzip_dataset/valid_pure_crop_challenge/negative/extra_challenge1_non_cov_val_new_icassp/ct_scan4028,0.6156500577926636
/ssd8/2023COVID19/Unzip_dataset/valid_pure_crop_challenge/negative/extra_challenge1_non_cov_val_new_icassp/ct_scan4075,0.005944753065705299
/ssd8/2023COVID19/Unzip_dataset/valid_pure_crop_challenge/negative/extra_challenge1_non_cov_val_new_icassp/ct_scan4049,0.030966326594352722
/ssd8/2023COVID19/Unzip_dataset/valid_pure_crop_challenge/negative/extra_challenge1_non_cov_val_new_icassp/ct_scan4048,0.2240796834230423
/ssd8/2023COVID19/Unzip_dataset/valid_pure_crop_challenge/negative/extra_challenge1_non_cov_val_new_icassp/ct_scan4087,0.008752628229558468
/ssd8/2023COVID19/Unzip_dataset/valid_pure_crop_challenge/negative/extra_challenge1_non_cov_val_new_icassp/ct_scan4020,0.2614830434322357
/ssd8/2023COVID19/Unzip_dataset/valid_pure_crop_challenge/negative/extra_challenge1_non_cov_val_new_icassp/ct_scan4032,0.12693902850151062
/ssd8/2023COVID19/Unzip_dataset/valid_pure_crop_challenge/negative/extra_challenge1_non_cov_val_new_icassp/ct_scan4178,0.005283825099468231
/ssd8/2023COVID19/Unzip_dataset/valid_pure_crop_challenge/negative/extra_challenge1_non_cov_val_new_icassp/ct_scan4185,0.16647988557815552
/ssd8/2023COVID19/Unzip_dataset/valid_pure_crop_challenge/negative/extra_challenge1_non_cov_val_new_icassp/ct_scan4076,0.029348036274313927
/ssd8/2023COVID19/Unzip_dataset/valid_pure_crop_challenge/negative/extra_challenge1_non_cov_val_new_icassp/ct_scan4068,0.36108657717704773
/ssd8/2023COVID19/Unzip_dataset/valid_pure_crop_challenge/negative/extra_challenge1_non_cov_val_new_icassp/ct_scan4124,0.05896957218647003
/ssd8/2023COVID19/Unzip_dataset/valid_pure_crop_challenge/negative/extra_challenge1_non_cov_val_new_icassp/ct_scan4167,0.40070977807044983
/ssd8/2023COVID19/Unzip_dataset/valid_pure_crop_challenge/negative/extra_challenge1_non_cov_val_new_icassp/ct_scan4195,0.0034003909677267075
/ssd8/2023COVID19/Unzip_dataset/valid_pure_crop_challenge/negative/extra_challenge1_non_cov_val_new_icassp/ct_scan4043,0.010449686087667942
/ssd8/2023COVID19/Unzip_dataset/valid_pure_crop_challenge/negative/extra_challenge1_non_cov_val_new_icassp/ct_scan4129,0.0029266071505844593
/ssd8/2023COVID19/Unzip_dataset/valid_pure_crop_challenge/negative/extra_challenge1_non_cov_val_new_icassp/ct_scan4096,0.2140325903892517
/ssd8/2023COVID19/Unzip_dataset/valid_pure_crop_challenge/negative/extra_challenge1_non_cov_val_new_icassp/ct_scan4074,0.29397502541542053
/ssd8/2023COVID19/Unzip_dataset/valid_pure_crop_challenge/negative/extra_challenge1_non_cov_val_new_icassp/ct_scan4094,0.004314915742725134
/ssd8/2023COVID19/Unzip_dataset/valid_pure_crop_challenge/negative/extra_challenge1_non_cov_val_new_icassp/ct_scan4089,0.5703215003013611
/ssd8/2023COVID19/Unzip_dataset/valid_pure_crop_challenge/negative/extra_challenge1_non_cov_val_new_icassp/ct_scan4134,0.0373050794005394
/ssd8/2023COVID19/Unzip_dataset/valid_pure_crop_challenge/negative/extra_challenge1_non_cov_val_new_icassp/ct_scan4036,0.007228104397654533
/ssd8/2023COVID19/Unzip_dataset/valid_pure_crop_challenge/negative/extra_challenge1_non_cov_val_new_icassp/ct_scan4077,0.007678711786866188
/ssd8/2023COVID19/Unzip_dataset/valid_pure_crop_challenge/negative/extra_challenge1_non_cov_val_new_icassp/ct_scan4018,0.2699876129627228
/ssd8/2023COVID19/Unzip_dataset/valid_pure_crop_challenge/negative/extra_challenge1_non_cov_val_new_icassp/ct_scan4202,0.00019978721684310585
/ssd8/2023COVID19/Unzip_dataset/valid_pure_crop_challenge/negative/extra_challenge1_non_cov_val_new_icassp/ct_scan4168,0.014197839424014091
/ssd8/2023COVID19/Unzip_dataset/valid_pure_crop_challenge/negative/extra_challenge1_non_cov_val_new_icassp/ct_scan4044,0.009253657422959805
/ssd8/2023COVID19/Unzip_dataset/valid_pure_crop_challenge/negative/extra_challenge1_non_cov_val_new_icassp/ct_scan4144,0.031116532161831856
/ssd8/2023COVID19/Unzip_dataset/valid_pure_crop_challenge/negative/extra_challenge1_non_cov_val_new_icassp/ct_scan4058,0.19628216326236725
/ssd8/2023COVID19/Unzip_dataset/valid_pure_crop_challenge/negative/extra_challenge1_non_cov_val_new_icassp/ct_scan4033,0.008320476859807968
/ssd8/2023COVID19/Unzip_dataset/valid_pure_crop_challenge/negative/extra_challenge1_non_cov_val_new_icassp/ct_scan4148,0.018612150102853775
/ssd8/2023COVID19/Unzip_dataset/valid_pure_crop_challenge/negative/extra_challenge1_non_cov_val_new_icassp/ct_scan4145,0.0018863691948354244
/ssd8/2023COVID19/Unzip_dataset/valid_pure_crop_challenge/negative/extra_challenge1_non_cov_val_new_icassp/ct_scan4160,0.000488421821501106
/ssd8/2023COVID19/Unzip_dataset/valid_pure_crop_challenge/negative/extra_challenge1_non_cov_val_new_icassp/ct_scan4209,0.3493827283382416
/ssd8/2023COVID19/Unzip_dataset/valid_pure_crop_challenge/negative/extra_challenge1_non_cov_val_new_icassp/ct_scan4174,0.04520440846681595
/ssd8/2023COVID19/Unzip_dataset/valid_pure_crop_challenge/negative/extra_challenge1_non_cov_val_new_icassp/ct_scan4157,0.17759421467781067
/ssd8/2023COVID19/Unzip_dataset/valid_pure_crop_challenge/negative/extra_challenge1_non_cov_val_new_icassp/ct_scan4135,0.022537721320986748
/ssd8/2023COVID19/Unzip_dataset/valid_pure_crop_challenge/negative/extra_challenge1_non_cov_val_new_icassp/ct_scan4113,0.001841423800215125
/ssd8/2023COVID19/Unzip_dataset/valid_pure_crop_challenge/negative/extra_challenge1_non_cov_val_new_icassp/ct_scan4052,0.0042761024087667465
/ssd8/2023COVID19/Unzip_dataset/valid_pure_crop_challenge/negative/extra_challenge1_non_cov_val_new_icassp/ct_scan4171,0.1880236715078354
/ssd8/2023COVID19/Unzip_dataset/valid_pure_crop_challenge/negative/extra_challenge1_non_cov_val_new_icassp/ct_scan4128,3.239179204683751e-05
/ssd8/2023COVID19/Unzip_dataset/valid_pure_crop_challenge/negative/extra_challenge1_non_cov_val_new_icassp/ct_scan4188,8.487086597597227e-05
/ssd8/2023COVID19/Unzip_dataset/valid_pure_crop_challenge/negative/extra_challenge1_non_cov_val_new_icassp/ct_scan4172,0.0034439279697835445
/ssd8/2023COVID19/Unzip_dataset/valid_pure_crop_challenge/negative/extra_challenge1_non_cov_val_new_icassp/ct_scan4066,0.04156631976366043
/ssd8/2023COVID19/Unzip_dataset/valid_pure_crop_challenge/negative/extra_challenge1_non_cov_val_new_icassp/ct_scan4193,0.0010146400891244411
/ssd8/2023COVID19/Unzip_dataset/valid_pure_crop_challenge/negative/extra_challenge1_non_cov_val_new_icassp/ct_scan4107,0.001698275445960462
/ssd8/2023COVID19/Unzip_dataset/valid_pure_crop_challenge/negative/extra_challenge1_non_cov_val_new_icassp/ct_scan4130,0.0532720685005188
/ssd8/2023COVID19/Unzip_dataset/valid_pure_crop_challenge/negative/extra_challenge1_non_cov_val_new_icassp/ct_scan4104,0.0008791072177700698
/ssd8/2023COVID19/Unzip_dataset/valid_pure_crop_challenge/negative/extra_challenge1_non_cov_val_new_icassp/ct_scan4211,0.01179826632142067
/ssd8/2023COVID19/Unzip_dataset/valid_pure_crop_challenge/negative/extra_challenge1_non_cov_val_new_icassp/ct_scan4139,0.1479727327823639
/ssd8/2023COVID19/Unzip_dataset/valid_pure_crop_challenge/negative/extra_challenge1_non_cov_val_new_icassp/ct_scan4141,0.12230843305587769
/ssd8/2023COVID19/Unzip_dataset/valid_pure_crop_challenge/negative/extra_challenge1_non_cov_val_new_icassp/ct_scan4041,0.012316012755036354
/ssd8/2023COVID19/Unzip_dataset/valid_pure_crop_challenge/negative/extra_challenge1_non_cov_val_new_icassp/ct_scan4132,0.06392928957939148
/ssd8/2023COVID19/Unzip_dataset/valid_pure_crop_challenge/negative/extra_challenge1_non_cov_val_new_icassp/ct_scan4016,0.00013272267824504524
/ssd8/2023COVID19/Unzip_dataset/valid_pure_crop_challenge/negative/extra_challenge1_non_cov_val_new_icassp/ct_scan4170,3.9071055653039366e-05
/ssd8/2023COVID19/Unzip_dataset/valid_pure_crop_challenge/negative/extra_challenge1_non_cov_val_new_icassp/ct_scan4012,0.00024704873794689775
/ssd8/2023COVID19/Unzip_dataset/valid_pure_crop_challenge/negative/extra_challenge1_non_cov_val_new_icassp/ct_scan4200,0.006129308603703976
/ssd8/2023COVID19/Unzip_dataset/valid_pure_crop_challenge/negative/extra_challenge1_non_cov_val_new_icassp/ct_scan4013,0.10140807926654816
/ssd8/2023COVID19/Unzip_dataset/valid_pure_crop_challenge/negative/extra_challenge1_non_cov_val_new_icassp/ct_scan4102,0.09115570783615112
/ssd8/2023COVID19/Unzip_dataset/valid_pure_crop_challenge/negative/extra_challenge1_non_cov_val_new_icassp/ct_scan4040,0.000438283896073699
/ssd8/2023COVID19/Unzip_dataset/valid_pure_crop_challenge/negative/extra_challenge1_non_cov_val_new_icassp/ct_scan4112,0.23667077720165253
/ssd8/2023COVID19/Unzip_dataset/valid_pure_crop_challenge/negative/extra_challenge1_non_cov_val_new_icassp/ct_scan4060,0.1390545666217804
/ssd8/2023COVID19/Unzip_dataset/valid_pure_crop_challenge/negative/extra_challenge1_non_cov_val_new_icassp/ct_scan4063,0.008000091649591923
/ssd8/2023COVID19/Unzip_dataset/valid_pure_crop_challenge/negative/extra_challenge1_non_cov_val_new_icassp/ct_scan4125,0.04614908620715141
/ssd8/2023COVID19/Unzip_dataset/valid_pure_crop_challenge/negative/extra_challenge1_non_cov_val_new_icassp/ct_scan4098,0.0020588492043316364
/ssd8/2023COVID19/Unzip_dataset/valid_pure_crop_challenge/negative/extra_challenge1_non_cov_val_new_icassp/ct_scan4108,0.04739268869161606
/ssd8/2023COVID19/Unzip_dataset/valid_pure_crop_challenge/negative/extra_challenge1_non_cov_val_new_icassp/ct_scan4045,0.017056096345186234
/ssd8/2023COVID19/Unzip_dataset/valid_pure_crop_challenge/negative/extra_challenge1_non_cov_val_new_icassp/ct_scan4131,0.022225037217140198
/ssd8/2023COVID19/Unzip_dataset/valid_pure_crop_challenge/negative/extra_challenge1_non_cov_val_new_icassp/ct_scan4095,0.19908782839775085
/ssd8/2023COVID19/Unzip_dataset/valid_pure_crop_challenge/negative/extra_challenge1_non_cov_val_new_icassp/ct_scan4059,0.004624330438673496
/ssd8/2023COVID19/Unzip_dataset/valid_pure_crop_challenge/negative/extra_challenge1_non_cov_val_new_icassp/ct_scan4079,0.01960398629307747
/ssd8/2023COVID19/Unzip_dataset/valid_pure_crop_challenge/negative/extra_challenge1_non_cov_val_new_icassp/ct_scan4192,0.0007617761730216444
/ssd8/2023COVID19/Unzip_dataset/valid_pure_crop_challenge/negative/extra_challenge1_non_cov_val_new_icassp/ct_scan4183,5.9987545682815835e-05
/ssd8/2023COVID19/Unzip_dataset/valid_pure_crop_challenge/negative/extra_challenge1_non_cov_val_new_icassp/ct_scan4106,0.08989597111940384
/ssd8/2023COVID19/Unzip_dataset/valid_pure_crop_challenge/negative/extra_challenge1_non_cov_val_new_icassp/ct_scan4017,0.044020917266607285
/ssd8/2023COVID19/Unzip_dataset/valid_pure_crop_challenge/negative/extra_challenge1_non_cov_val_new_icassp/ct_scan4169,0.010157870128750801
/ssd8/2023COVID19/Unzip_dataset/valid_pure_crop_challenge/negative/extra_challenge1_non_cov_val_new_icassp/ct_scan4155,0.12056426703929901
/ssd8/2023COVID19/Unzip_dataset/valid_pure_crop_challenge/negative/extra_challenge1_non_cov_val_new_icassp/ct_scan4199,0.713544487953186
/ssd8/2023COVID19/Unzip_dataset/valid_pure_crop_challenge/negative/extra_challenge1_non_cov_val_new_icassp/ct_scan4142,0.00023237743880599737
/ssd8/2023COVID19/Unzip_dataset/valid_pure_crop_challenge/negative/extra_challenge1_non_cov_val_new_icassp/ct_scan4019,0.2697983980178833
/ssd8/2023COVID19/Unzip_dataset/valid_pure_crop_challenge/negative/extra_challenge1_non_cov_val_new_icassp/ct_scan4082,0.011442304588854313
/ssd8/2023COVID19/Unzip_dataset/valid_pure_crop_challenge/negative/extra_challenge1_non_cov_val_new_icassp/ct_scan4143,0.009354326874017715
/ssd8/2023COVID19/Unzip_dataset/valid_pure_crop_challenge/negative/extra_challenge1_non_cov_val_new_icassp/ct_scan4111,0.35946381092071533
/ssd8/2023COVID19/Unzip_dataset/valid_pure_crop_challenge/negative/extra_challenge1_non_cov_val_new_icassp/ct_scan4179,0.0011036645155400038
/ssd8/2023COVID19/Unzip_dataset/valid_pure_crop_challenge/negative/extra_challenge1_non_cov_val_new_icassp/ct_scan4182,0.27136969566345215
/ssd8/2023COVID19/Unzip_dataset/valid_pure_crop_challenge/negative/extra_challenge1_non_cov_val_new_icassp/ct_scan4101,0.07753288745880127
/ssd8/2023COVID19/Unzip_dataset/valid_pure_crop_challenge/negative/extra_challenge1_non_cov_val_new_icassp/ct_scan4022,8.722394704818726e-05
/ssd8/2023COVID19/Unzip_dataset/valid_pure_crop_challenge/negative/extra_challenge1_non_cov_val_new_icassp/ct_scan4078,0.001498460303992033
/ssd8/2023COVID19/Unzip_dataset/valid_pure_crop_challenge/negative/extra_challenge1_non_cov_val_new_icassp/ct_scan4161,0.005021573044359684
/ssd8/2023COVID19/Unzip_dataset/valid_pure_crop_challenge/negative/extra_challenge1_non_cov_val_new_icassp/ct_scan4029,0.000408271502237767
/ssd8/2023COVID19/Unzip_dataset/valid_pure_crop_challenge/negative/extra_challenge1_non_cov_val_new_icassp/ct_scan4151,0.03512389212846756
/ssd8/2023COVID19/Unzip_dataset/valid_pure_crop_challenge/negative/extra_challenge1_non_cov_val_new_icassp/ct_scan4204,0.04522432014346123
/ssd8/2023COVID19/Unzip_dataset/valid_pure_crop_challenge/negative/extra_challenge1_non_cov_val_new_icassp/ct_scan4038,0.0005125504685565829
/ssd8/2023COVID19/Unzip_dataset/valid_pure_crop_challenge/negative/extra_challenge1_non_cov_val_new_icassp/ct_scan4037,0.02375762350857258
/ssd8/2023COVID19/Unzip_dataset/valid_pure_crop_challenge/negative/extra_challenge1_non_cov_val_new_icassp/ct_scan4149,0.007739067543298006
/ssd8/2023COVID19/Unzip_dataset/valid_pure_crop_challenge/negative/extra_challenge1_non_cov_val_new_icassp/ct_scan4207,0.00021611928241327405
/ssd8/2023COVID19/Unzip_dataset/valid_pure_crop_challenge/negative/extra_challenge1_non_cov_val_new_icassp/ct_scan4184,0.04809051752090454
/ssd8/2023COVID19/Unzip_dataset/valid_pure_crop_challenge/negative/extra_challenge1_non_cov_val_new_icassp/ct_scan4136,0.0002904420252889395
/ssd8/2023COVID19/Unzip_dataset/valid_pure_crop_challenge/negative/extra_challenge1_non_cov_val_new_icassp/ct_scan4201,0.0010648940224200487
/ssd8/2023COVID19/Unzip_dataset/valid_pure_crop_challenge/negative/extra_challenge1_non_cov_val_new_icassp/ct_scan4186,0.01134974043816328
/ssd8/2023COVID19/Unzip_dataset/valid_pure_crop_challenge/negative/extra_challenge1_non_cov_val_new_icassp/ct_scan4140,6.796004890929908e-05
/ssd8/2023COVID19/Unzip_dataset/valid_pure_crop_challenge/negative/extra_challenge1_non_cov_val_new_icassp/ct_scan4153,0.04363217204809189
/ssd8/2023COVID19/Unzip_dataset/valid_pure_crop_challenge/negative/extra_challenge1_non_cov_val_new_icassp/ct_scan4159,0.004435656126588583
/ssd8/2023COVID19/Unzip_dataset/valid_pure_crop_challenge/negative/extra_challenge1_non_cov_val_new_icassp/ct_scan4121,0.24671252071857452
/ssd8/2023COVID19/Unzip_dataset/valid_pure_crop_challenge/negative/extra_challenge1_non_cov_val_new_icassp/ct_scan4081,0.00012716480705421418
/ssd8/2023COVID19/Unzip_dataset/valid_pure_crop_challenge/negative/extra_challenge1_non_cov_val_new_icassp/ct_scan4162,0.001691887155175209
/ssd8/2023COVID19/Unzip_dataset/valid_pure_crop_challenge/negative/extra_challenge1_non_cov_val_new_icassp/ct_scan4072,0.13798046112060547
/ssd8/2023COVID19/Unzip_dataset/valid_pure_crop_challenge/negative/extra_challenge1_non_cov_val_new_icassp/ct_scan4099,0.10962359607219696
/ssd8/2023COVID19/Unzip_dataset/valid_pure_crop_challenge/negative/extra_challenge1_non_cov_val_new_icassp/ct_scan4181,0.008847294375300407
/ssd8/2023COVID19/Unzip_dataset/valid_pure_crop_challenge/negative/extra_challenge1_non_cov_val_new_icassp/ct_scan4030,0.002600056817755103
/ssd8/2023COVID19/Unzip_dataset/valid_pure_crop_challenge/negative/extra_challenge1_non_cov_val_new_icassp/ct_scan4092,0.00022140415967442095
/ssd8/2023COVID19/Unzip_dataset/valid_pure_crop_challenge/negative/extra_challenge1_non_cov_val_new_icassp/ct_scan4150,0.03467603027820587
/ssd8/2023COVID19/Unzip_dataset/valid_pure_crop_challenge/negative/extra_challenge1_non_cov_val_new_icassp/ct_scan4120,0.00024997274158522487
/ssd8/2023COVID19/Unzip_dataset/valid_pure_crop_challenge/negative/extra_challenge1_non_cov_val_new_icassp/ct_scan4194,0.016853298991918564
/ssd8/2023COVID19/Unzip_dataset/valid_pure_crop_challenge/negative/extra_challenge1_non_cov_val_new_icassp/ct_scan4196,0.005257545970380306
/ssd8/2023COVID19/Unzip_dataset/valid_pure_crop_challenge/negative/extra_challenge1_non_cov_val_new_icassp/ct_scan4100,0.01305326633155346
/ssd8/2023COVID19/Unzip_dataset/valid_pure_crop_challenge/negative/extra_challenge1_non_cov_val_new_icassp/ct_scan4062,0.004423240665346384
/ssd8/2023COVID19/Unzip_dataset/valid_pure_crop_challenge/negative/extra_challenge1_non_cov_val_new_icassp/ct_scan4085,0.20062761008739471
/ssd8/2023COVID19/Unzip_dataset/valid_pure_crop_challenge/negative/extra_challenge1_non_cov_val_new_icassp/ct_scan4035,0.022578652948141098
/ssd8/2023COVID19/Unzip_dataset/valid_pure_crop_challenge/negative/extra_challenge1_non_cov_val_new_icassp/ct_scan4173,0.017933091148734093
/ssd8/2023COVID19/Unzip_dataset/valid_pure_crop_challenge/negative/extra_challenge1_non_cov_val_new_icassp/ct_scan4177,0.00028556346660479903
/ssd8/2023COVID19/Unzip_dataset/valid_pure_crop_challenge/negative/extra_challenge1_non_cov_val_new_icassp/ct_scan4123,0.8183483481407166
/ssd8/2023COVID19/Unzip_dataset/valid_pure_crop_challenge/negative/extra_challenge1_non_cov_val_new_icassp/ct_scan4021,0.004022653214633465
/ssd8/2023COVID19/Unzip_dataset/valid_pure_crop_challenge/negative/extra_challenge1_non_cov_val_new_icassp/ct_scan4154,5.185619374969974e-05
/ssd8/2023COVID19/Unzip_dataset/valid_pure_crop_challenge/negative/extra_challenge1_non_cov_val_new_icassp/ct_scan4210,0.13283264636993408
/ssd8/2023COVID19/Unzip_dataset/valid_pure_crop_challenge/negative/extra_challenge1_non_cov_val_new_icassp/ct_scan4014,0.0005489960312843323
/ssd8/2023COVID19/Unzip_dataset/valid_pure_crop_challenge/negative/extra_challenge1_non_cov_val_new_icassp/ct_scan4050,0.00064056646078825
/ssd8/2023COVID19/Unzip_dataset/valid_pure_crop_challenge/negative/extra_challenge1_non_cov_val_new_icassp/ct_scan4146,0.0051024556159973145
/ssd8/2023COVID19/Unzip_dataset/valid_pure_crop_challenge/negative/extra_challenge1_non_cov_val_new_icassp/ct_scan4027,0.0032277212012559175
/ssd8/2023COVID19/Unzip_dataset/valid_pure_crop_challenge/negative/extra_challenge1_non_cov_val_new_icassp/ct_scan4051,0.03264378383755684
/ssd8/2023COVID19/Unzip_dataset/valid_pure_crop_challenge/negative/extra_challenge1_non_cov_val_new_icassp/ct_scan4206,0.002520326292142272
/ssd8/2023COVID19/Unzip_dataset/valid_pure_crop_challenge/negative/extra_challenge1_non_cov_val_new_icassp/ct_scan4110,0.01541185937821865
/ssd8/2023COVID19/Unzip_dataset/valid_pure_crop_challenge/negative/extra_challenge1_non_cov_val_new_icassp/ct_scan4065,0.09360630810260773
/ssd8/2023COVID19/Unzip_dataset/valid_pure_crop_challenge/negative/extra_challenge1_non_cov_val_new_icassp/ct_scan4208,0.03227149322628975
/ssd8/2023COVID19/Unzip_dataset/valid_pure_crop_challenge/negative/extra_challenge1_non_cov_val_new_icassp/ct_scan4114,0.0835707038640976
/ssd8/2023COVID19/Unzip_dataset/valid_pure_crop_challenge/negative/extra_challenge1_non_cov_val_new_icassp/ct_scan4053,0.011796658858656883
/ssd8/2023COVID19/Unzip_dataset/valid_pure_crop_challenge/negative/extra_challenge1_non_cov_val_new_icassp/ct_scan4064,0.023975010961294174
/ssd8/2023COVID19/Unzip_dataset/valid_pure_crop_challenge/negative/extra_challenge1_non_cov_val_new_icassp/ct_scan4042,0.053401362150907516
/ssd8/2023COVID19/Unzip_dataset/valid_pure_crop_challenge/negative/extra_challenge1_non_cov_val_new_icassp/ct_scan4024,0.134095698595047
/ssd8/2023COVID19/Unzip_dataset/valid_pure_crop_challenge/negative/extra_challenge1_non_cov_val_new_icassp/ct_scan4119,0.03183610364794731
/ssd8/2023COVID19/Unzip_dataset/valid_pure_crop_challenge/negative/extra_challenge1_non_cov_val_new_icassp/ct_scan4117,0.283713161945343
/ssd8/2023COVID19/Unzip_dataset/valid_pure_crop_challenge/negative/extra_challenge1_non_cov_val_new_icassp/ct_scan4071,0.0010782636236399412
/ssd8/2023COVID19/Unzip_dataset/valid_pure_crop_challenge/negative/extra_challenge1_non_cov_val_new_icassp/ct_scan4054,0.006548434495925903
/ssd8/2023COVID19/Unzip_dataset/valid_pure_crop_challenge/negative/extra_challenge1_non_cov_val_new_icassp/ct_scan4116,0.003648278070613742
/ssd8/2023COVID19/Unzip_dataset/valid_pure_crop_challenge/negative/extra_challenge1_non_cov_val_new_icassp/ct_scan4180,0.1552811563014984
/ssd8/2023COVID19/Unzip_dataset/valid_pure_crop_challenge/negative/extra_challenge1_non_cov_val_new_icassp/ct_scan4034,0.01032760925590992
/ssd8/2023COVID19/Unzip_dataset/valid_pure_crop_challenge/negative/extra_challenge1_non_cov_val_new_icassp/ct_scan4084,0.31019288301467896
/ssd8/2023COVID19/Unzip_dataset/valid_pure_crop_challenge/negative/extra_challenge1_non_cov_val_new_icassp/ct_scan4152,0.10115872323513031
/ssd8/2023COVID19/Unzip_dataset/valid_pure_crop_challenge/negative/extra_challenge1_non_cov_val_new_icassp/ct_scan4023,0.07551436126232147
/ssd8/2023COVID19/Unzip_dataset/valid_pure_crop_challenge/negative/extra_challenge1_non_cov_val_new_icassp/ct_scan4086,0.13898509740829468
/ssd8/2023COVID19/Unzip_dataset/valid_pure_crop_challenge/negative/extra_challenge1_non_cov_val_new_icassp/ct_scan4103,0.08980459719896317
/ssd8/2023COVID19/Unzip_dataset/valid_pure_crop_challenge/negative/extra_challenge1_non_cov_val_new_icassp/ct_scan4070,0.08963725715875626
/ssd8/2023COVID19/Unzip_dataset/valid_pure_crop_challenge/negative/extra_challenge1_non_cov_val_new_icassp/ct_scan4061,0.044803913682699203
/ssd8/2023COVID19/Unzip_dataset/valid_pure_crop_challenge/negative/extra_challenge1_non_cov_val_new_icassp/ct_scan4164,0.04159769415855408
/ssd8/2023COVID19/Unzip_dataset/valid_pure_crop_challenge/negative/extra_challenge1_non_cov_val_new_icassp/ct_scan4147,0.04512162506580353
/ssd8/2023COVID19/Unzip_dataset/valid_pure_crop_challenge/negative/extra_challenge1_non_cov_val_new_icassp/ct_scan4203,0.102151058614254
/ssd8/2023COVID19/Unzip_dataset/valid_pure_crop_challenge/negative/extra_challenge1_non_cov_val_new_icassp/ct_scan4122,0.07062370330095291
/ssd8/2023COVID19/Unzip_dataset/valid_pure_crop_challenge/negative/extra_challenge1_non_cov_val_new_icassp/ct_scan4190,0.017502855509519577
/ssd8/2023COVID19/Unzip_dataset/valid_pure_crop_challenge/negative/extra_challenge1_non_cov_val_new_icassp/ct_scan4198,0.02220579795539379
/ssd8/2023COVID19/Unzip_dataset/valid_pure_crop_challenge/negative/extra_challenge1_non_cov_val_new_icassp/ct_scan4057,0.8150941133499146
/ssd8/2023COVID19/Unzip_dataset/valid_pure_crop_challenge/negative/extra_challenge1_non_cov_val_new_icassp/ct_scan4175,0.0404413640499115
/ssd8/2023COVID19/Unzip_dataset/valid_pure_crop_challenge/negative/extra_challenge1_non_cov_val_new_icassp/ct_scan4026,0.012913179583847523
/ssd8/2023COVID19/Unzip_dataset/valid_pure_crop_challenge/negative/extra_challenge1_non_cov_val_new_icassp/ct_scan4156,0.8930911421775818
/ssd8/2023COVID19/Unzip_dataset/valid_pure_crop_challenge/negative/extra_challenge1_non_cov_val_new_icassp/ct_scan4189,0.0010621026158332825
/ssd8/2023COVID19/Unzip_dataset/valid_pure_crop_challenge/negative/extra_challenge1_non_cov_val_new_icassp/ct_scan4158,0.04117105156183243
/ssd8/2023COVID19/Unzip_dataset/valid_pure_crop_challenge/negative/extra_challenge1_non_cov_val_new_icassp/ct_scan4055,0.020742563530802727
/ssd8/2023COVID19/Unzip_dataset/valid_pure_crop_challenge/negative/extra_challenge1_non_cov_val_new_icassp/ct_scan4176,0.009180661290884018
/ssd8/2023COVID19/Unzip_dataset/valid_pure_crop_challenge/negative/extra_challenge1_non_cov_val_new_icassp/ct_scan4097,0.0013658571988344193
/ssd8/2023COVID19/Unzip_dataset/valid_pure_crop_challenge/negative/extra_challenge1_non_cov_val_new_icassp/ct_scan4025,0.5117324590682983
/ssd8/2023COVID19/Unzip_dataset/valid_pure_crop_challenge/negative/extra_challenge1_non_cov_val_new_icassp/ct_scan4073,0.010201172903180122
/ssd8/2023COVID19/Unzip_dataset/valid_pure_crop_challenge/negative/extra_challenge1_non_cov_val_new_icassp/ct_scan4067,0.024995887652039528
/ssd8/2023COVID19/Unzip_dataset/valid_pure_crop_challenge/negative/extra_challenge1_non_cov_val_new_icassp/ct_scan4165,0.06341040879487991
/ssd8/2023COVID19/Unzip_dataset/valid_pure_crop_challenge/negative/extra_challenge1_non_cov_val_new_icassp/ct_scan4083,0.0008172006346285343
/ssd8/2023COVID19/Unzip_dataset/valid_pure_crop_challenge/negative/extra_challenge1_non_cov_val_new_icassp/ct_scan4046,0.2031019926071167
/ssd8/2023COVID19/Unzip_dataset/valid_pure_crop_challenge/negative/extra_challenge1_non_cov_val_new_icassp/ct_scan4069,0.2423490583896637
/ssd8/2023COVID19/Unzip_dataset/valid_pure_crop_challenge/negative/extra_challenge1_non_cov_val_new_icassp/ct_scan4133,0.000395620649214834
/ssd8/2023COVID19/Unzip_dataset/valid_pure_crop_challenge/negative/extra_challenge1_non_cov_val_new_icassp/ct_scan4115,0.18117600679397583
/ssd8/2023COVID19/Unzip_dataset/valid_pure_crop_challenge/negative/extra_challenge1_non_cov_val_new_icassp/ct_scan4187,0.013695521280169487
/ssd8/2023COVID19/Unzip_dataset/valid_pure_crop_challenge/negative/extra_challenge1_non_cov_val_new_icassp/ct_scan4197,0.11195781826972961
/ssd8/2023COVID19/Unzip_dataset/valid_pure_crop_challenge/negative/extra_challenge1_non_cov_val_new_icassp/ct_scan4015,0.016410093754529953
/ssd8/2023COVID19/Unzip_dataset/valid_pure_crop_challenge/negative/extra_challenge1_non_cov_val_new_icassp/ct_scan4093,0.0783025324344635
/ssd8/2023COVID19/Unzip_dataset/valid_pure_crop_challenge/negative/extra_challenge1_non_cov_val_new_icassp/ct_scan4091,0.0027366108261048794
/ssd8/2023COVID19/Unzip_dataset/valid_pure_crop_challenge/negative/extra_challenge1_non_cov_val_new_icassp/ct_scan4105,0.04753539711236954
/ssd8/2023COVID19/Unzip_dataset/valid_pure_crop_challenge/negative/extra_challenge1_non_cov_val_new_icassp/ct_scan4039,0.015870947390794754
/ssd8/2023COVID19/Unzip_dataset/valid_pure_crop_challenge/negative/extra_challenge1_non_cov_val_new_icassp/ct_scan4118,0.19348052144050598
/ssd8/2023COVID19/Unzip_dataset/valid_pure_crop_challenge/negative/extra_challenge1_non_cov_val_new_icassp/ct_scan4090,0.00043291342444717884
/ssd8/2023COVID19/Unzip_dataset/valid_pure_crop_challenge/positive/extra_challenge1_cov_val_new_icassp/ct_scan491,0.9944047927856445
/ssd8/2023COVID19/Unzip_dataset/valid_pure_crop_challenge/positive/extra_challenge1_cov_val_new_icassp/ct_scan485,0.901360809803009
/ssd8/2023COVID19/Unzip_dataset/valid_pure_crop_challenge/positive/extra_challenge1_cov_val_new_icassp/ct_scan486,0.9105202555656433
/ssd8/2023COVID19/Unzip_dataset/valid_pure_crop_challenge/positive/extra_challenge1_cov_val_new_icassp/ct_scan490,0.9626114368438721
/ssd8/2023COVID19/Unzip_dataset/valid_pure_crop_challenge/positive/extra_challenge1_cov_val_new_icassp/ct_scan489,0.9999999403953552
/ssd8/2023COVID19/Unzip_dataset/valid_pure_crop_challenge/positive/extra_challenge1_cov_val_new_icassp/ct_scan483,0.9999862909317017
/ssd8/2023COVID19/Unzip_dataset/valid_pure_crop_challenge/positive/extra_challenge1_cov_val_new_icassp/ct_scan487,0.9999997019767761
/ssd8/2023COVID19/Unzip_dataset/valid_pure_crop_challenge/positive/extra_challenge1_cov_val_new_icassp/ct_scan484,0.9226819276809692
/ssd8/2023COVID19/Unzip_dataset/valid_pure_crop_challenge/positive/extra_challenge1_cov_val_new_icassp/ct_scan488,0.9995847940444946
/ssd8/2023COVID19/Unzip_dataset/valid_pure_crop_challenge/positive/extra_challenge1_cov_val_new_icassp/ct_scan492,0.9999909400939941
